{
  "x": 205.255905,
  "y": 5.564983,
  "z": -52.853153,
  "roll": 179.965356,
  "pitch": -0.012433,
  "yaw": 0.035867
}