{
  "x": 205.254761,
  "y": 5.564847,
  "z": -52.853027,
  "roll": 179.964382,
  "pitch": -0.012089,
  "yaw": 0.036268
}