{
  "x": 205.25502,
  "y": 5.56498,
  "z": -52.853165,
  "roll": 179.965241,
  "pitch": -0.011918,
  "yaw": 0.03581
}