{
  "x": 205.256805,
  "y": 5.564907,
  "z": -52.853001,
  "roll": 179.964783,
  "pitch": -0.013808,
  "yaw": 0.036326
}