{
  "x": 205.254883,
  "y": 5.564917,
  "z": -52.853046,
  "roll": 179.965127,
  "pitch": -0.016215,
  "yaw": 0.036211
}