{
  "x": 205.253143,
  "y": 5.564914,
  "z": -52.853188,
  "roll": 179.964382,
  "pitch": -0.01123,
  "yaw": 0.035982
}