{
  "x": 205.251175,
  "y": 5.564828,
  "z": -52.853214,
  "roll": 179.964439,
  "pitch": -0.009454,
  "yaw": 0.036096
}