{
  "x": 205.25679,
  "y": 5.564908,
  "z": -52.853001,
  "roll": 179.965012,
  "pitch": -0.013866,
  "yaw": 0.036326
}