{
  "x": 205.246674,
  "y": 5.56488,
  "z": -52.853706,
  "roll": 179.9657,
  "pitch": -0.011688,
  "yaw": 0.036154
}